lat,lng,aeg,omavalitsus,staatus,teade,teema,foto,kommentaar
59.1896132827366,25.1619276525162,2016-04-14 08:23:50,"Kose vald",vaadatud,"Kosel, Põllu tänava teekattes olevad augud vajavad parandamist.",auk,,
59.4400389,24.7034773,2016-04-13 20:28:52,"Tallinna linn",ei ole vaadatud,"Vadim      ",,http://www.anna-teada.ee/photos/4751ee8c-323a-437e-a970-863ca7281302.jpg,
58.9958552687909,24.8318988383471,2016-04-13 19:43:45,"Rapla vald",ei ole vaadatud,"Tere! Kas keegi reageerib ka??? Kolm suurt, vana ja mäda leppa on elektriliini poole viltu !!!. Üks nendest tuule käes juba murdunud.",,,
59.4483288574021,24.8210991919041,2016-04-13 19:07:50,"Tallinna linn",ei ole vaadatud,"Iga aastane ulatuslik prügireostus Lasnamäel Narva mnt. ääres männikus. Nn. Paevälja tühermaal. Smuuli ristist Neemiku teeni ja edasi.  ",,http://www.anna-teada.ee/photos/97e04de3-5767-4bc0-80bb-aa1ef36e4cd7.jpg,
58.2339651679514,26.4215679466724,2016-04-13 18:07:37,"Elva linn",ei ole vaadatud,"Tänavakoristus?",,http://www.anna-teada.ee/photos/bbb5cd52-50b0-4028-a8c4-36f054c329af.jpg,
58.2339679920593,26.4215505123138,2016-04-13 18:04:08,"Elva linn",ei ole vaadatud,"Tere! Minu kodutänaval (Eha tn) tehti tänavapuhastust. Tänava lõpp jäeti harjamata majade nr 15 kuni 25 juures. Liiv harjati minu ukse ette ja pärast aeti laiali. Siin see 'koristus' ka lõppes. Kes selle peab ära koristama? Vähe sellest, et talvel pidevalt  sõiduteed pidin puhastama ja lumekoristust üle tegema, olen ka kevadel hoolimatusega silmitsi. Olen linnakodanik ja ei maksa mitte vähe makse.  Palun Elva linnal kohelda oma kodanikke võrdselt, mitte valikuliselt või selle järgi, kuidas on kasulikum või odavam. Ootan linnapoolset kohest sekkumist ja probleemi lahendamist!",,http://www.anna-teada.ee/photos/8ada092b-082a-45e2-ad8f-92684d608027.jpg,
59.2407865568378,24.6795952320099,2016-04-13 12:45:30,"Saku vald",vaadatud,"Tere! Kaardil märgitud kohas on  vasemale poole sõidutee serva ( Kiisa asulas- Viljandi mnt suunaga Kasemetsa teele) tekkinud/ paigutatud 2 kivi mis on märgistamata ja ei ole pimedas  nähtavad ohustades sellega teel olevaid liiklejaid/ liiklusvahendeid .Kas oleks võimalik kivid eemaldada ja vajadusel paigutada sinna ohutud liiklust regulaarivad tähised. Ette tänades,",,,
58.3800327703692,24.5104604959488,2016-04-13 08:34:37,"Pärnu linn",vaadatud,"Sõites Aisa tänava poolt mööda Suur-Posti tänavat Karja tänava suunas, ei ole võimalik ohutult Suur-Posti ja Väike-Posti ristis vasakult liikuvale sõidukile teed anda. Auto esiots peab olema meetri jagu keset peateed et sealt üldse midagi paistma hakkaks, sest teenurgas on maja mille tagant ei ole mingi valemiga võimalik ohutult teed anda. Natuke vähem ohtlik on Karjast Aisasse sõitmine kuid mitte piisavalt.  Ettepanek on et muuta ristmik paremakäe reegli järgi liigeldavaks",,http://www.anna-teada.ee/photos/6989bf1c-0139-11e6-b588-a2533b7948e7.jpg,
59.3932864750127,24.8083305358887,2016-04-13 08:26:00,"Rae vald",ei ole vaadatud,"Tere!  Oleks soov panna Peetri pargi tualetti, kas või kevadest sügeseni! Kui viibid lapsega 2 tundi pargis, ainuke võimalus, et käia tualetti-kool! Aga see pole ka ju normaalne!",,,
59.4472185140997,25.3922581672668,2016-04-12 21:50:09,"Kuusalu vald",vaadatud,"Tere, peale elektripostide vahetust kiius, veski tänaval ei põle üks tänavavalgusti. Valgusti asub tänava lõpus, enne pööret jalakäijate teele.",lamp,,
59.4405472023516,24.8470725562595,2016-04-12 17:01:28,"Tallinna linn",vaadatud,"Sillalt mahasõit auklik",auk,,
59.4360501610113,24.8076099337399,2016-04-12 17:00:31,"Tallinna linn",vaadatud,"Sillalt mahasõit auklik (nii ülal, kui eriti all)",auk,,
59.4340377423169,24.7976984574862,2016-04-12 16:59:12,"Tallinna linn",ei ole vaadatud,"Tee on nagu kuumaastik",,,
59.4541059740963,25.0135946273804,2016-04-12 14:43:36,"Jõelähtme vald",ei ole vaadatud,"Tere, Oleme perega tervisesportlased ja tegeleme rulluisutamisega. Teatan osaliselt ja puudulikult puhastatud kergliiklusteest. Liiva on palju ja see lõhub uiske.  Failis on puhastamata lõigud punasega märgitud. Kas ülaltoodud teed kuuluvad teie piirkonda? Kui ei kuulu, siis oskate öelda, kelle poole pöörduda. lugupidamisega Imre Luur",,http://www.anna-teada.ee/photos/04c7b9d2-1401-48f9-a871-7d9bd1809ead.jpg,
58.3498659666787,25.609130859375,2016-04-12 14:13:07,"Viljandi vald",vaadatud,"Rikutud tee Uueveski basseinide juures 10,04,06a.(Päästeameti autode poolt) Kes sellistel puhkudel taastab teed?",,http://www.anna-teada.ee/photos/620da09c-e46f-422a-8459-75ba57662f22.jpg,
59.2938216179075,26.4263677597046,2016-04-12 09:50:01,"Vinni vald",ei ole vaadatud,"Vinni vallas, Vinni alevikus, Põllu tänaval on tee servas mitmed löökaugud. Palun probleemiga tegeleda.",auk,,
59.2640766656429,24.447648525238,2016-04-12 07:55:01,"Saue vald",ei ole vaadatud,"Kruusakattega tee (tee viida järgi Suurearu tee) alates Keila-Ääsmäe teest on niivõrd halvas seisukorras, et sõiduautoga seda põhimõtteliselt enam läbida võimalik ei ole. Probleemi põhjus-  tee on niivõrd auklik. Augud kogu tee ulatuses ning väga sügavad. Kuna tee ei ole enam külmunud ega pehme, siis vajaks hädasti teehöövliga hooldust.",auk,,
58.090400153324,27.22412109375,2016-04-11 18:00:19,"Mooste vald",ei ole vaadatud,"Teede seisukord väga halb. (väga palju auke) Tee on madalam kui teeääred, kraavid puuduvad teeäärtest. Elanike autod saavad kannatada, et tööle käia, kuna teede seisukord väga halb!",,,
59.4317160396848,24.5474264708374,2016-04-11 16:31:34,"Harku vald",vaadatud,"Kihutavad autod Tooma teel. Säästumarketi juures on 30 märk. Ettepanek oleks lamav politseinik kõrgendatud asfaldist ja liiklusmärk maha.",,,
59.3535863484238,24.6063923835754,2016-04-11 15:00:23,"Maanteeamet",ei ole vaadatud,"Tervist! Tahaksin teatada, et Instituudi tänaval asuva pallimängu platsil on mitmeid faktoreid, mis segavad palli mängimist. Esiteks on seal jalgpalliväravad katki( postid on löökide tõttu murdunud ja sinna on jäänud teravad otsad, mis lõhuvad palli või halvemal juhul keegi jookseb sinna otsa), teiseks on n.ö piiravad võrgud katki( pall lendab läbi augu sealt jõkke) ja kolmandaks see, et osad valgustid ei tööta. Mul ei ole muidu midagi halba öelda platsi kohta. Imeline on see, et seal käidakse koristamas jne, aga teatan probleemist, et seal oleks jätkuvalt tore mängida, mitte et peaks iga kuu uue jalgpalli ostma. :)",,,
59.4381982740568,25.2435303479668,2016-04-11 13:36:18,"Jõelähtme vald",vaadatud,"Prügi",prügi,http://www.anna-teada.ee/photos/370B66BC-F6E7-41C4-9672-3B68DC17F702.jpg,
59.3863811667393,25.1631546020508,2016-04-11 11:19:06,"Maanteeamet",ei ole vaadatud,"Tervist! Sooviksin teada anda ja tähelepanu juhtida, et Kostivere-Raasiku teel on väga sügav lohk, mis autojuhile märkamatuks kipub jääma. Mina sõitsin eile sellest august läbi ja auto vajab remonti. Täpset asukohta ei oska öelda, vast umbes 3-4 km enne Raasikule jõudmist, kui Kostivere poolt tulla! Tervitades Kristel",,,
59.4508341965159,24.4434642791748,2016-04-11 09:00:42,"Harku vald",vaadatud,"Tuhkru tänav auke täis, varsti lõhub auto ära! Ühtlasi ootaks, millal muudab vald tee tolmuvabaks ",,http://www.anna-teada.ee/photos/b9329466-ffaa-11e5-b521-a2533b7948e7.jpg,
59.349946599758,24.6240198612213,2016-04-11 08:09:04,"Saue vald",vaadatud,"Tere Laagris, Kuuse tänaval tehti kanalisatsioonitöid eramajade vahelisel lõigul ning seoses sellega tehti uuesti ka asfalteerimine töid, aga nüüd on selle kohapealt ära vajunud ja seoses sellega tänavl üks sõidutanud rikutud!",,,"info teada"
58.9670259443908,23.8814449310303,2016-04-10 22:32:44,"Lääne-Nigula vald",vaadatud,"Paliveres Tooma tänava valgustus ei tööta",lamp,,"Probleem on edastatud töösse."
59.2290504550172,24.7160249948502,2016-04-10 19:49:32,"Saku vald",vaadatud,"Tere, eelmisel suvel hooldati osaliselt Kurtna küla suured ja vanad pajud. Hooldamata jäid pildil olevad Kurtna katlamaja taga ja Tiigi tänavaga piirnevad puud. Puude ladvad on kuivanud ning ilmselt kujutavad ka ohtu - suurema tuule/tormiga alla kukkumise näol. Nagu näha siis ulatuvad mõned oksad ka elektriliinide ning Tiigi tänava kohale, kus sageli ka inimesed jalutavad. ",puu,http://www.anna-teada.ee/photos/32ed39b0-ff3c-11e5-a01e-a2533b7948e7.jpg,
59.1809415973113,25.0260829925537,2016-04-10 18:52:25,"Kose vald",vaadatud,"Kas sildade ja õhkvedrustuse remondi arve võib valda saata juhul kui saan margi esindusest kinnituse, et jah seda teed pidevalt läbides need vead tekivad? Palju ei taha ütleme 30% arvest oleks igati aus vist.  Video tee seisukorrast. https://youtu.be/Wa6i-QNtQls Kõrval olev põld tundub siledam olevat, päris palju jälgi läheb sealt juba... Põllu kasutaja kindlasti õnnelik selle üle..",,,
59.5009827940348,26.5309466701248,2016-04-10 14:00:05,"Kunda linn",ei ole vaadatud,"Eesti geodeetilist punkti märgistav betoonpost on katki ja vedeleb Posti tänaval.",,http://www.anna-teada.ee/photos/705E8846-8645-4846-8CF8-55658BD09DEE.jpg,
58.3988727029072,24.5112061500549,2016-04-10 12:26:24,"Pärnu linn",ei ole vaadatud,"Hariduse tänava kortermajade ja Lille tänava vahelisel alal on pidevalt prügi ja lapsed mängivad selle otsas!!! Olukord ja vaade on äärmiselt häirivad!",prügi,http://www.anna-teada.ee/photos/4b39bc52-fefe-11e5-883f-a2533b7948e7.jpg,
58.3851370432391,26.7639278570907,2016-04-10 11:32:06,"Tartu linn",vaadatud,"Prügihunnik metsa all - lehe tänava lõpus ristmiku peal. Prügi hulgas on rohkesti dokumente (arved, tšekid) Aivar Maalman nimele nii Lääne 3-17 kui Kavastu 5-4, Luunja vald aadressidega.",prügi,http://www.anna-teada.ee/photos/EBB01250-2927-4B1E-8228-FA6330836CFC.jpg,
58.704421243364,25.9236574172974,2016-04-09 23:05:09,"Põltsamaa vald",vaadatud,"Sõidutee väga auklik ja praktiliselt võimatu liigelda.",auk,,"täname teatamast"
58.9958410381779,24.8319205641747,2016-04-09 17:22:04,"Rapla vald",ei ole vaadatud,"Tere.  Kolm suurt, vana ja mäda leppa on elektriliini poole viltu. Üks nendest tuule käes juba murdunud.",,,
58.2334088143183,26.4376544952393,2016-04-09 15:28:26,"Elva linn",ei ole vaadatud,"Elva- Peedu jalgtee on talvest liivane ja killustikune. Palun see ära puhastada, et lapsed saaksid jällegi rulluisutada.",,,
59.386214196224,24.8081142724981,2016-04-09 01:35:08,"Rae vald",vaadatud,"Tee äärtesse on paigaldatud tuhaplokid. Ohtlikud ",,,
59.4113526139465,24.8003874002406,2016-04-09 01:31:16,"Tallinna linn",vaadatud,"Liiklusohtlik tee. Kohutavalt auklik. Kitsas ja tee ääres ohtlikud märgid. ",auk,,
59.3926746690514,24.7982025146484,2016-04-08 17:45:07,"Rae vald",vaadatud,"Märgitud ala on paksult prügi täis! Lisaks on prügised muud haljasalad lähiümbruses. Enamasti on tegemist ehitusjäätmetega. Palun probleem lahendada!",prügi,,
59.4003651407925,24.7899627685547,2016-04-08 17:39:34,"Tallinna linn",ei ole vaadatud,"Vana-Tartu mnt äärsed haljasalad on täis ehitusprügi! Ja mitte ainult märgitud sihtpunktis.",,,
58.3667849487785,25.6156325340271,2016-04-08 13:12:03,"Viljandi linn",vaadatud,"Sõidutee on jubedas seisukorras, liiklus toimub juba haljasalal. kohalikud elanikud on püüdnud kividega markeerida haljasala, et vältida selle hävimist.Probleem on kestnud läbi aastate,ei aita ainult aukude lappimine pigi ja killustikuga, aeg oleks võtta ette sõidutee kapitaalremont.Puuduvad praktiliselt kõnniteed, vihmavesi uputab krunte kuna sõidutee on tõstetud tunduvalt kõrgemale. Sadeveetrassid puuduvad!Tore oleks teada, et linn pöörab ka sellele piirkonnale tähelepanu.",,,
59.2126757313735,24.7195816040039,2016-04-08 00:05:15,"Kohila vald",vaadatud,"Kurtna teel (Kohila - Kurtna tee) Metsanurga tn Kohila poole kohe kui algab metsavahe on tänase päeva seisuga täielikult läbimatu koht, vähemalt sõiduautodele läbimatu. Üldine olukord teel halveneb samuti järjest. Kui see kohta nüüd homme mingilgi viisil lahendust ei saa, siis nädalavahetus võib kaasa tuua selle, et ka Kohila suunal muutub tee läbimatuks, kui kogu transport sellel suunal läheb. Lisaks veel tõsiasi, et võimalik, et ka Kohila suunal ei ole nüüdseks enam võimalik liigelda. See, et tee on kunagi karjateel rajatud on ammu teada ja see ei ole vabandus. Palun tarvitusele võtta meetmed, et oleks tagatud ligipääs elukohta, samuti vajadusel päästetöödeks, esmaabi vajaduse tarbeks, prügivedu, kanalisat.teenus jms. Iga aastaga läheb olukord halvemaks. Kui see olukord ei lõpe (kunagi ei tea kas autoga saad koju või kodust tööle) ja lahendus on see, et ootame, kuni suvi saabub ja maa ise ära taheneb, siis sellega enam keegi siinsetest elanikest nõus ei ole. Kui vaja pöördume kohtusse ning teemaks ei ole ainult auto remondikulude hüvitamine, vaid kõikvõimalikud nõuded mida on võimalik esitada. Enne seda muidugi ka Maanteeameti poole ja kui vaja siis igapäevaselt koos fotodega. Saku vald ütleb, et temal elanikke ei ole ja momendil ei ole ka läbimatud kohad Saku valla poole peal. Kokkuvõttes soovin rõhutada, et lahenduseks ei ole see, et hakake kõik Kohila kaudu sõitma - tee on kitsas, mõlemal pool kraavid, suurema autoga möödasõit on komplitseeritud ning liiklusmaht on väga suur Kurtan teel- ei  lähe palju aega, kui ka sellel suunal on tee läbimatu. See mülgas mis praegu on, see ei kuiva ise jaanipäevakski ära. Lisaisn foto, mis tehtud täna ca kl 18.30. Väga küsitav kas homme lapsi kooli transportiv buss üldse saab sõita. Palun küsige bussijuhilt tagasidet, kui ei usu, et olukord väga halb.",,http://www.anna-teada.ee/photos/1b7139e3-de2a-4372-9780-4b6baf8bff23.jpg,"Kurtna tee halb asukoht asub Saku valla haldusterritooriumil"
59.3144400054695,24.417119568534,2016-04-07 21:05:45,"Keila linn",ei ole vaadatud,"Keila Vasara tn. 8 maja ees ehk siis linnamaal seisab auto juba aastaid . Kole ja kohutav vaatepilk samas on ka ohtlik mängivatele lastele. Sellest on räägitud aastaid ja tehtud ettekirjutusi ühistu poolt mida on eiratud.  Palun teid reageerida, asja kiiret lahendamist Linna tasandil. Pildi ei õnnestu sisse laadida .",,,
59.4222467030036,24.7273341938853,2016-04-07 18:54:41,"Tallinna linn",ei ole vaadatud,"Oksad rippuvad postivalgustuse kaabli peal",puu,http://www.anna-teada.ee/photos/180a7826-25dc-4361-9f63-db70c57a2a05.jpg,
59.4240809978198,24.391096830368,2016-04-07 15:23:30,"Harku vald",ei ole vaadatud,"Prügi vedu aadressil Hiie tee 82, Vääna-Jõesuu, Harku vald. Nimelt ei ela ma sellel aadressil ~10 aastat juba sees ja ei vaja ka prügi äravedu Keskkonnateenused ASi poolt. Mulle on esitatud tühisõitude nimelisi arveid meilile mida pole ei minul ega ka ei tea kellel olemas. Ja seega on jõdnud need mulle mite teada olevad arved Inkassosse, loomulukult lisa tasudega! Võtsin ühendust Keskkonnateenused ASiga ja palusin teenus lõpetada! Nemad aga seda minu palvel  teha ei saa, ja saatsid mulle mingi keskkonna tegelase kontaktid Harku vallast, kellele kaa kohe kirjutasin vastava sisulise maili, aga ei ole mingit vastust saanud ja tulid ka uued arved Keskkonnateenused ASi poolt ja loomulikult prügiveo tühisõit! Kas sellega tegeleb keegi või peangi nüüd hakkama maksma teenuse eest ( ja veel INKASSOLE) mida ma ei ole tellinud ja mida pole minuga kui kinnistu omanikuga kooskõlastatud? Palun seda, et sellega koheselt keegi tegeleks ja lõpetaks selle prügiveo lepingu eelmainitud aadressil.  Ettetänades; Argo Kasemaa. 53467456 argokasemaa@gmail.com",prügi,,
59.3600800470865,25.2625894546509,2016-04-07 15:03:42,"Anija vald",ei ole vaadatud,"Kihmla-Salumäe tee Parila jaama poolne ots on täiesti läbimatu. Auk augus kinni.",auk,http://www.anna-teada.ee/photos/c556236a-fcb8-11e5-9c93-a2533b7948e7.jpg,
59.3528685475899,24.8995041847229,2016-04-07 14:42:19,"Rae vald",ei ole vaadatud,"Jüris, Väljaku 17/1 maja parklas üks tänavavalgustuse latern ei põle ja suriseb. Kunagi paar aastat tagasi see ka ei põlenud ja surises, siis sai postist ka särtsu, nüüd pole julgenud näppima minna. Küll aga on see valgusti kohe laste mänguväljaku kõrval, elektrik peaks üle kontrollima.",lamp,,
59.3401055662787,24.776337146759,2016-04-07 12:20:18,"Kiili vald",vaadatud,"Inimene väljub oma tegevusega krundi piirist, nt pargib sõidukeid niigi kitsal tänaval lausa teele. Samas käib üks lõputu remont nii et pea igaõhtune- öine lärm on vältimatu.",,http://www.anna-teada.ee/photos/6398d28d-46ab-4d43-8fa5-3e700a7f0acf.jpg,
59.3229877396645,24.9497580528259,2016-04-07 02:44:40,"Rae vald",ei ole vaadatud,"Tere, See koht Veskitaguse külas -jõe äärne teelõik on mudamülgas, mida peaaegu et polegi üldse võimalik läbida.....seal sõidavad autod juba ohtlikult mööda jõe kallast, sest muudmoodi pole võimalik. Palun võtke midagi ette, enne kui mõni seal veel jõkke sõidab või täiesti kinni jääb. Kahjuks pilti ei teinud.",auk,,
59.3860861301492,24.8641741275787,2016-04-06 22:32:22,"Rae vald",vaadatud,"Tere, Kaasiku teel ei põle kolm tänavavalgustuse pirni. Esimene tee vasakule pööramiste ristil, teine mänguväljaku kõrval, kolmas Kaasiku tee 17 ees.",lamp,,
58.3654231751093,26.6739463806152,2016-04-06 19:41:08,"Ülenurme vald",vaadatud,"Kui elan kortermajas ja olen majaümbruses puulehed kokku riisunud ja kotti pannud,kes korraldab kottide äraveo?Mul endal pole transporti ja ühiskonteinerisse ei taha ka panna?Elan Ülenurme vallas ,Ränikülas,Eerikal",,,
58.7836838753159,26.9341421127319,2016-04-06 18:35:28,"Kasepää vald",vaadatud,"Kasepää vallas, metsakülas, jõhvi tartu mnt ääres,kuldkala kohvikust üle tee muruplatsil on ohtlik lahtine kaev. Väikeste lastega pered jalutavad igapäevaselt sealt mööda. Hetkel on see nähtav, kuid muru kasvades jääb varju ja aiis on veel eriti ohtlik  kui keegi peaks sealt üle muru minema.",kaev,http://www.anna-teada.ee/photos/3060196a-fc0d-11e5-98c1-a2533b7948e7.jpg,
59.4538878654398,24.4430351257324,2016-04-06 17:41:18,"Harku vald",ei ole vaadatud,"Juba 2(!) kuu jookul olen 2 korda selle portaali kaudu teada andnud, et Muraste, Ranna tee bussipeatus on kohutavas seisus ja on siiani! Kas tõesti ei suudeta midagi 2 kuu jooksul ette võtta??? Kuna prügikastid puuduvad, siis prügi on lademetes bussipeatuse ümbruses laiali ja aina tekib juurde. Täna olid teravad klaasikillud ja pudelipõhjad igal pool. Isegi bussiaegu oli posti pealt raske vaadata, kuna ei soovinud klaasikildude otsa astuda. Ka paviljoni iste on katki ja kogu paviljon ise ka räämas. ",prügi,http://www.anna-teada.ee/photos/9f09bdf6-fc05-11e5-baf8-a2533b7948e7.jpg,
59.1780996909306,24.7957992553711,2016-04-06 17:25:07,"Kohila vald",vaadatud,"Tere,   palun paigaldada Prillimäele kortermajade piirkonda veoautode sissesõitu või vähemalt parkimist keelav liiklusmärk. Viimasel ajal on hakanud suured poolhaagistega veoautod kelle juhid tõenäoliselt elavad siin oma  poolhaagistega veoautosid siin parkima, suure veoauto parkimine blokeerib paljude teiste inimeste autod niie t pole võimalik hommikul tööle saada ka on väga ohtlik kuna need piiravad nähtavust ja siin jalutab ka palju lapsi koos vanematega. Seoses kevadilmadega on hetkel paigaldatud ka maanteameti poolt urgele üle 8t veoauto keelav märk kuid seda tõenäoliselt ignoreeritakse.  Ette tänades.",,,
59.3791806571792,24.2465995776001,2016-04-06 13:36:55,"Keila vald",vaadatud,"Tere Kirjutan seoses prügiveoteenuse osutamisest Keila vallas. Umbes aasta vältel oleme kontaktis olnud antud firmaga. Oleme soovinud, et firma võtaks prügikonteineri aiast seest ning paneks ka tagasi ning suleks värava teatud kindlatel põhjustel. Kontorist on kinnitatud, et see on võimalik, kuid enamik kordadest jääb siiski värav lahti. Teiseks probleemiks on see, et on olnud kordi, kus konteinerit ei ole tühjendatud (konteiner, mis asub teisel aadressil). Me ei ole antud firmaga rahul. Naabruskonnas elavate elanike poolt olen samuti kuulnud rahulolematust antud prügiveofirma suhtes. Lugupidamisega Jaana Roos",,,"Tere,  tänan edastatud info eest. Kui tekib järgmevaid probleeme veofirmaga palun lisada ka vallavalitus cc kirja saajaks.    Lugupidamisega    Marju Kaivapalu  Keskkonnanõunik"
58.2352670578396,26.456161737442,2016-04-06 11:42:37,"Elva linn",ei ole vaadatud,"Tamsa tee 14 ees paiknev tänavavalgusti vilgub alates märtsi keskpaigast.",,,
59.3933957249151,24.8063081502914,2016-04-06 11:01:42,"Rae vald",ei ole vaadatud,"Tere Vägeva tee 38 maja ees on tuletõrjehüdrant, mille punane klaasplastist kübar on juba aastaid lahtine. Kinnitusmehhanism on katki ja iga tugevama tuulega kipub see kübar rändama minema.   Mingit numbrit ma sellelt ei leidnud - ainus loetav tunnus on artaro.eu - ilmselt tootja koduleht.  Ette tänades",,,
59.4389492506715,24.8114666249834,2016-04-06 07:54:48,"Tallinna linn",vaadatud,"Täielikult hävitanud asfalt!",,http://www.anna-teada.ee/photos/C336451A-9164-43A6-85AF-F5A68DD2380E.jpg,
59.4389246916952,24.8115286510669,2016-04-06 07:53:21,"Tallinna linn",ei ole vaadatud,"Ebaseaduslik prügila!",,http://www.anna-teada.ee/photos/8970DF60-698B-47FB-A8B9-64C160AE6A78.jpg,
58.3614242439462,26.7311934381723,2016-04-06 07:28:00,"Tartu linn",vaadatud,"Tehase tn Salibar reklaamibüroo juures on teekattes u 30x30x40cm auk. ",auk,http://www.anna-teada.ee/photos/61b98345-a073-4734-8b59-d5ca0e50957b.jpg,
58.2264734306822,26.4166688919067,2016-04-05 20:30:31,"Elva linn",ei ole vaadatud,"Minu kinnistul on 2 kuivanud mändi.  Ise  krundil ei  ela, nüüd käisin hoovi peal ja avastasin et 1 mändi on kobras närinud. Puud on ohtlikud ja kardan, et suurema tuuleouhanguga võivad need kõrvalhoonetele kukkuda. Mismoodi sellistel puhkudel asjad käivad?",puu,http://www.anna-teada.ee/photos/743fbe74-b753-421c-ac96-d233cefedbc0.jpg,
59.3270271858216,24.4749373197556,2016-04-05 19:22:23,"Harku vald",ei ole vaadatud,"tere.probleem on tutermaa tee14 maja ees,maja elanik ester koks korterist.4 tassib aastaid igasugu prahti maja ette ja kõrvale.maja elanike korduvatele meelde tuletustele praht ära koristada muutub olukord ainult hullemaks.ainuke kuhu pöörduda on vallavalitsus,et probleemile lahendus leida.",prügi,http://www.anna-teada.ee/photos/201818ad-7172-4171-ba57-3cc15184a07e.jpg,
59.4475839173627,25.3180360794067,2016-04-05 15:29:33,"Kuusalu vald",vaadatud,"Umbes 200m ulatuses tee on läbimatu sõiduauto jaoks - tee on hävitatud traktorite ja muu raske tehnikaga. Nad kasutavad seda teed, et sõita edasi Kiiu suunas. Mis on vale, kuna kaardi järgi see tee peaks olema tupik tee, mis viib Lennuki taluni. Kõrval on olemas (oli) ka teine tee, mida nad võiksid kasutada.",,http://www.anna-teada.ee/photos/b51da87d-0262-4ff3-a0c6-5b8c88abeb49.jpg,
59.2464706795936,24.5086419582367,2016-04-05 13:39:02,"Saue vald",ei ole vaadatud,"Millal parandatakse Kasesalu 24 tee,mis lõhuti Koveki veetrasside ehitamise käigus. Terve tee on suurte autodega ära lõhutud.",,http://www.anna-teada.ee/photos/e0f984bb-7096-4bdf-a5bd-9245132a94c6.jpg,
59.4707626384305,24.4099711161334,2016-04-05 11:40:20,"Harku vald",vaadatud,"Tere, palun muuta valla tee sõiduautoga läbitavaks, seda on vaja paljudel valla peredel kasutada!",,,"Pärtli tee pindamine on Harku valla kehtiva tegevuskava alusel planeeritud teostada sellel aastal. Tänaseks päevaks on riigihanke pakkumised esitatud ning käib riigihanke menetluse järgne pakkujate kvalifitseerimine, vastavaks ja edukaks tunnistamine.  Esialgse prognoosi kohaselt sõlmitakse eduka pakkujaga leping aprilli keskel. Pärtli tee pindamise täpse ajakava saame teavitada siis, kui leping on sõlmitud ning ajagraafik kinnitatud.    Lugupidamisega  Henry Prits  teede spetsialist"
59.4389444140293,25.5169446766376,2016-04-05 08:35:51,"Kuusalu vald",vaadatud,"Vabandan, läks vale pilt. Ja olukord on hullem, kui pildil.",,http://www.anna-teada.ee/photos/8da8f205-ecea-478c-bdaf-adf423046564.jpg,
59.3131126116404,24.4231706857681,2016-04-05 08:26:10,"Keila linn",vaadatud,"Maha pandud prügi (rehvid, lillepotid kuivanud lilledega, olmeprügi). Prügi on põhiliselt klaastaara kogumiskoha juurest lasteaia poole minnes kallakul.",prügi,,"Täna kell 9 alustati selles piirkonnas korrastustöid."
59.4370186935021,25.5114940926433,2016-04-05 07:15:06,"Kuusalu vald",vaadatud," Nii meie tee välja näeb",,http://www.anna-teada.ee/photos/b118cb0e-c18a-4ac7-8a18-3b5c4f691351.jpg,
59.452149420992,24.8815239965916,2016-04-05 00:52:54,"Tallinna linn",ei ole vaadatud,"Lasnamäel, Läänemere lasteaedade ees on üks räämas pink, kus enamasti istuvad narkojoobes ja alkoholijoobes seltskonnad, mistõttu on pingi ümber pidevalt prahti ja klaasikilde. Pingi võiks eemaldada.",,http://www.anna-teada.ee/photos/ba3b15a6-67b9-4478-8e99-8cb47c70cb16.jpg,
59.3611954711248,26.4023438841105,2016-04-05 00:10:14,"Sõmeru vald",ei ole vaadatud,"Tere! Rakveres, Kreutzwaldi 17a maja juures ei põle tänavavalgustuslamp",lamp,,
58.9302580511851,24.8788833618164,2016-04-04 19:20:22,"Maanteeamet",vaadatud,"Tehke ometi tee korda!!",,http://www.anna-teada.ee/photos/2138c320-fa81-11e5-a721-a2533b7948e7.jpg,
59.3917622314419,24.6419966965914,2016-04-04 17:10:47,"Tallinna linn",vaadatud,"Rehvid metsa all",,,
59.1841075435819,25.0265979766846,2016-04-04 15:02:12,"Kose vald",vaadatud,"Kogu see tee ei kannata mittemingisugust kriitikat,  eelmisel aastal vedasite sinna veidikene killustiku peale, mõni koht sai veidi parem aga üldiselt ütleks, et asi paremuse poole küll läinud ei ole, kogu tee on põllu piirist tunduvalt madalam ja kogu vesi valgub teele.   Ma lisaksin siia manusesse video, aga vaevalt te viitsiksite vaadata 10 minuti pikkust videot sellest, kuidas ka põllu peal on tunduvalt siledam ja parem sõita kui seal oleva tee peal.   Eelmise aasta lõpus läksite vist lihtsama vastupanu teed ja paigaldasite märgi, et tee ongi pekkis (Äkki võtaks märgi paigaldamise asemel miskit ette?) sellel aastal otsustasite kaalu piirangu sinna tee otsa sokutada (ei tea mis kasu sellest oli kui tee juba oli täiesti metsas).   Ainukene sõidetav kiirus sela teepeal on umbes 10km tunnis, aga kui väike laps turvatoolis on, siis on reaalne oht, et selle õõtsumisega murrab ta kaela (eeldusel, et tegemist on beebiga kes pead veel ei hoia).  Ehk siis palun võtke lõpuks midagi mõistliku selle teega ette (tõstke seda pinda või kaevake vähemalt mingi kuivenduskraav sinna kõrvale) - Höövliga nühkimine aitab healjuhul nädalaks ja iga höövli sõit viib seda pinda maale veel lähemale, ehk siis see ei ole enam isegi kruusatee, kui sealt läbi sõita siis auto on täiesti savine.",,,
59.3644407228147,28.1934462860227,2016-04-04 14:06:18,"Narva linn",ei ole vaadatud,"Через дорогу школа и двое первоклашек со школы зашли в развалины и стали что то там ломать.  Двери все открыты. ",,http://www.anna-teada.ee/photos/5d1b5148-5c07-425e-9970-539918769260.jpg,
59.4075331788173,24.6282577514648,2016-04-04 11:32:38,"Tallinna linn",ei ole vaadatud,"Tere Kirjutan Juhani Puukoolist seoses täna alanud teederemondiga. Nimelt tahaksime teavitada Harku Istikuäri kliente teeviitadega ümbersõidu kohta, kuidas paremini jõuda Harku valla territooriumil olevasse Juhani Puukooli Istikuärisse (endine Ceres). Palun andke teada, kelle poole peame pöörduma, et saada luba teavitavate siltide paigaldamiseks ja kes need meie jaoks paigaldab. Lugupidamisega, Lea Mäss Plantex AS Jaemüügijuht 51915233",,,
58.218191843886,26.4837723970413,2016-04-03 21:40:09,"Nõo vald",vaadatud,"2.aprilli pärastlõunal tekkis kivihunnikusse vana värvi televiisor,mis on puru löödud. kes tõi ei tea, samal teel nähti liikumas käruga autot.",,http://www.anna-teada.ee/photos/7e07546a-f9cb-11e5-9824-a2533b7948e7.jpg,
59.4711795143848,24.4266414642334,2016-04-03 21:25:10,"Harku vald",vaadatud,"Tervist. Küsimus selline, et kas Suurupi alumise tuletorni juurest on veel üldse võimalik saada mereäärde? Kohas, kus Pärtli tee lõppeb, on igalpool sildid 'eramaa' ning ranna äärde pääs tõkestatud nii tõkkepuu, kui kivihunnikutega. Peale selle, et rannaäärsel alal on puude külge ka kõvasti neid samu eramaa silte taotud. Ükski neist siltidest ei asu kellegi aias, kui sellises.",,http://www.anna-teada.ee/photos/1de1f85d-891f-4189-9a79-83ebf456d5f3.jpg,
59.2610003874858,24.6570754051208,2016-04-03 20:07:35,"Saku vald",vaadatud,"Tere,  Kuresoo tee on kohati väga auklikuks läinud, võimalusel palun üle freesida. Ette tänades, Olev Kruusenvald",,,
59.4354089552566,24.5565032958984,2016-04-03 19:22:01,"Harku vald",ei ole vaadatud,"Tere, Kirjutan uuesti seoses Koidu tänava haukumisega. Paraku ei ole probleem lahenenud. Eile öösel ehk laupäev vastu pühapäeva (kpv 2.-3.04) algas haukumine peale kella 1 ja kestis mitu tundi. Tegin sellest ka 2 videot, kuidas kostub haukumine toas ja kuidas õues, kui on huvi. Loodan väga, et suudate probleemi lahendada nii kiiresti kui võimalik. Lugupidamisega, Kerlin Raidvee",koer,,
59.4286904717418,24.6773751173398,2016-04-03 18:58:55,"Tallinna linn",vaadatud,"Prügi metsas",prügi,http://www.anna-teada.ee/photos/0A7614E4-6D85-45B7-BE67-D4FF0021B60B.jpg,
59.4288111292379,24.6799881756535,2016-04-03 18:56:26,"Tallinna linn",vaadatud,"Prügi teepervel",prügi,http://www.anna-teada.ee/photos/49F439D9-E46A-453D-B894-D8EF9029A308.jpg,
59.4294518838259,24.6258135047039,2016-04-03 16:48:41,"Tallinna linn",vaadatud,"Prügi kraavis",prügi,http://www.anna-teada.ee/photos/6564FD27-A6E9-4A80-88CC-67B2A1A791C9.jpg,
59.4290926354559,24.6265357733002,2016-04-03 16:47:07,"Tallinna linn",vaadatud,"Prügi looduses",prügi,http://www.anna-teada.ee/photos/E1671F6E-A9AA-428B-979F-561C89675781.jpg,
59.301538509372,24.7003510035805,2016-04-03 16:31:17,"Saku vald",vaadatud,"Prügikotid puulehtedega",,http://www.anna-teada.ee/photos/296161A7-DF36-497E-8DFD-09C02EB8AB7F.jpg,"Menetlusse võetud!"
59.3089157995389,24.6853313874683,2016-04-03 15:53:54,"Saku vald",vaadatud,"Roostepruun vesi ojas ",,http://www.anna-teada.ee/photos/3BDCDDA2-DE79-47E7-8F66-16AF511BD3A1.jpg,"Menetlusse võetud"
59.3989241636478,24.642939157784,2016-04-03 15:46:41,"Tallinna linn",vaadatud,"Talvel on siia platsile toodud mujalt kokkuroogituf lumi. Kahjuks koos lumega ka palju mustust, mis erinevalt lumest ära ei sula. Palun likvideerida hunnikud. ",,,
57.9940495494033,27.2038523107767,2016-04-03 12:43:14,"Maanteeamet",vaadatud,"Tee vajab hööveldamist,  löökauke täis. ",,,
59.4609266122743,24.4619554281235,2016-04-03 08:37:36,"Harku vald",vaadatud,"Mäe 3, Muraste hoovis on kuhjatud ehitusprahti jne juba aastaid. Sõidan sealt iga päev mööda, vaatepilt pole eriti ilus. Krunt pole ka aiaga piiratud, seega kogu sodi kõigi silme all. Kas vallas on keegi kes jälgib eramajade kruntidel toimuvat ja mida selles osas teha saaksite?",prügi,http://www.anna-teada.ee/photos/460c0947-251c-4f8a-a7b4-753944b12321.jpg,
58.2445449931351,26.4450734853745,2016-04-02 17:46:18,"Nõo vald",vaadatud,"Nägin Tartumaal Vitipalu maastikukaitsealal arvuti kuvarit ja klaviatuuri.",,http://www.anna-teada.ee/photos/322d76c8-670e-442c-b729-da4279d0ebc3.jpg,
59.3487908090578,26.3624671474099,2016-04-02 16:42:51,"Rakvere linn",ei ole vaadatud,"Turuplats 7 ees on mingi kaevu ümber pinnas vajunud...",kaev,http://www.anna-teada.ee/photos/9c103339-1f46-4722-ae0f-d4a70431706e.jpg,
59.4076,24.623,2016-04-02 15:23:48,"Tallinna linn",vaadatud,"Kindlus vajab remonti juba. ",,http://www.anna-teada.ee/photos/beaafbe1-d515-4c0a-a083-c6434f229897.jpg,
59.472036310527,24.3837141338963,2016-04-02 15:00:32,"Harku vald",vaadatud,"Prügi ",prügi,http://www.anna-teada.ee/photos/1A49CCED-6FC7-429E-822E-4E8AD3707287.jpg,
59.4917185698259,24.9134500790619,2016-04-02 14:46:14,"Maanteeamet",vaadatud,"Vesiniidu tee tänava servas on kasvanud võsa ja liiklusmärk ei ole nähtav.",,http://www.anna-teada.ee/photos/AF3BF0D6-A0AB-41D3-A684-E29455C7529A.jpg,
59.4298545828419,24.5425075292587,2016-04-02 14:28:24,"Maanteeamet",vaadatud,"Tere!  Kas selle parmude grilipeoga ei oleks võimalik midagi ette võtta. Täiesti kohutav on sealt lastega mõõda jalutada. Kas seda ei annaks käsitleda kui avalikus kohas joomisega ja lihtsalt politsei kohale kutsuda.   Tervitades, Margus Tamm 5168923",,,
59.348508094134,25.3432273864746,2016-04-01 15:53:17,"Maanteeamet",vaadatud,"Ussikuuse tee. Pea läbimatu juba. Väga sügavad augud, mis ei võimalda ilma sõidukit lõhkumata sõita. Paljud külainimesed on sunnitud mööda seda teed iga argipäev sõitma ning sõites on lausa valus kuulda ja tunda kui meeletult auto laguneb. Proovisin täna(01.04.2016)  alates kella 14 valda helistada, kuid mu kõnedele ei vastatud. Lisatud pildid on tehtud kuu või kaks tagasi ning olukord on tugevalt halvemaks muutunud.",auk,http://www.anna-teada.ee/photos/1a29ef10-c3b4-4b59-a860-390a4023dbea.jpg,
59.1897582483247,25.1640450954437,2016-04-01 14:00:21,"Kose vald",vaadatud,"Tere. Annan teada, et Kose alevikus asuv Jõe tn on väga halvas seisukorras. Teekate on lagunenud ja pragunenud, alates kirikust löökaugud. Valla poolt on varem tehtud pisiparandusi, (bituumeni ja killustikuga täitmine) mis lõppesid Jõe tn 10 juures. Jõe tänava elanikud on aastakümneid (20 a) ise teinud teekatte parandustöid. Palun tutvuda olukorraga ja võtta plaani teeparandus.",auk,,
59.4925037584753,25.017566656752,2016-04-01 11:44:37,"Jõelähtme vald",ei ole vaadatud,"Prügihunnik otse linna jures!!!!!!!  Palun see ära koristada.",prügi,http://www.anna-teada.ee/photos/14f13fba-e7ba-43d0-98d9-1ae712e78a91.jpg,
59.4684397265636,24.4158878928265,2016-03-31 20:59:29,"Harku vald",vaadatud,"Metsa alla veetud prügi",prügi,,"Probleemi täpsustamiseks palun saatke oma kontaktid."
59.4393732911529,24.682756299176,2016-03-31 19:53:44,"Tallinna linn",vaadatud,"Silt lõhutud",,http://www.anna-teada.ee/photos/4D8EA3E7-6717-40B3-AA88-66CAC117DCC9.jpg,
58.9496374680359,23.5400104522705,2016-03-31 19:29:46,"Haapsalu linn",vaadatud,"Tere! Palusime Linnavalitsusel sekkuda liikluskorraldusse Vee-Rüütli-Linda tänavate piirkonnas seoses kalameeste parkimisega. Suur tänu, et parkimist keelavad märgid ilmusid kohe järgmisel päeval. Paraku on palju neid, kes märke eiravad ja parkimine jätkub. Esimesed autod tulevad juba kell neli hommikul ja nii on siin elavate inimeste öörahu rikutud. Oleme pöördunud telefonitsi politseisse, kust vastati, et patrull on käinud. Pole aga märgata autode vähenemist. Mida teha? Kas siin on mingi lahendus? Ehk võiks politsei olla karmim ja teha trahve? Nõutud Promenaadi elanikud.",,,"Teadmiseks võetud."
59.3682633388976,25.0273704528809,2016-03-31 17:39:29,"Maanteeamet",ei ole vaadatud,"Maakonnaliinide bussiaegadel liiga pikk vahe.Kelle poole peaks pöörduma,et pandaks kasvõi üks buss veel käima tipptunnil.Praegused kellaajad on 17:10,18:10 ja 20:10.Kuna marsa tõstis veelgi hinda ja nüüd maksab tööle ja kojusõit juba kokku 5 eurot,siis bussiga sõites on korduvalt odavam.Kohe,kohe algab aga aiatööde periood ja miks ma pean iga päev tund aega linnas ootama.Miks ei võiks käia ka kella 16 ajal üks buss?Seda enam,et suur osa inimesi on marsa pealt bussi ümber kolinud.Jään vastust ootama.",,,
58.27853,24.599245,2016-03-31 17:37:16,"Tahkuranna vald",vaadatud,"Ehitusjäätmed",prügi,http://www.anna-teada.ee/photos/8C2D2E6E-2D3B-42A8-BE13-E8F207CBCE6A.jpg,
59.5280290542554,25.8403158187866,2016-03-31 09:13:18,"Vihula vald",vaadatud,"Tere, Korduvalt on kodanikud Joandu külast pöördunud Teie poole Tõugu-Joaveski teelõigu korrastamiseks. Vald on lubanud korduvalt nimetatud tee katta kõva pinnasega. Hetkel on teelõigu seisukord mitterahuldav. Seda ena, et antud teelõiku läbib ka oma valla koolilaste buss. Võiks ikka lubadusest kinni pidada ning nimetatud probleemiga kiiremas korras tegeleda. Ootan kiiret tagasisidet.",,,
58.5527370780146,26.5963447093964,2016-03-31 08:42:08,"Tabivere vald",vaadatud,"Tabiveres, Pärna 5 maja juures on tekkinud selline prügimägi. See on lausa kohutav!",prügi,http://www.anna-teada.ee/photos/03f28259-d512-40dc-b2f7-9eea83227b30.jpg,
59.4500838583151,24.8797208815813,2016-03-31 01:32:35,"Tallinna linn",ei ole vaadatud,"Linnamäe tee 57 Maxima ümbrus,see ala, mis kuulub linnale (kõnnitee ja parkimisala ümber Maxima) on pidevalt kaetud klaasikildude, katkiste pudelite, süstalde jms. Kõnniteel pole ka ühtegi prügikasti!",,http://www.anna-teada.ee/photos/6c14873c-1e21-4dc2-a04c-06f508425d7e.jpg,
59.4008566599015,24.7994685173035,2016-03-30 20:21:18,"Rae vald",vaadatud,"Haljasala on jäänud väga kehva seisu peale ehitajate lahkumist https://goo.gl/photos/8FRs3BwKzRS5G2kv7",,,
59.169726512209,25.2106618881226,2016-03-30 20:16:13,"Maanteeamet",vaadatud,"Kevade saabudes on tekkinud löökaugud Vardja küla teedele, erinevatesse kohtadesse ja need lähevad iga päevaga aina suuremaks. (külla sissesõidul suure männi kõrval kolm sügavat löökauku, otse sõites kurves suur ja lai löökauk, sealt edasi paremal pikad sügavad sooned, Vardja 3 maja ette keerates sügav lohk, samuti kui väljuda külast teist teed kaudu sõites Vardja 3 maja eest läbi kruusateel, mis viib ka Vardja 2 maja ette.. ka seal on augud juba pikemat aega ning kohati on vesi uurstanud ka väga sügavaid auke + sõites Vardja 4 ja Vardja 5 majade juurde ka seal leidub neid auke parasjagu). Paluks teede korrasolekut kontrollida kogu Vardja küla ulatuses ja löökaugud parandada, et külaelanike autod ei peaks enne kannatada saama. Tänan!",auk,,
59.1944223164155,24.3178939819336,2016-03-30 14:42:47,"Kernu vald",ei ole vaadatud,"Tere,   Kirjutan Teile Räägu 43 AÜ Kaasiku küla Kernu vallast. Meie tänav muutub igal kevadel täielikuks sopaauguks ja ka suurte vihmadega. Kuna sellel tänaval on palju püsielanike tekkinud (ka. mina), siis vana tänav ei pea enam sellele liikluskoormusele vastu. Väga suure mõju annab veel kuus kaks korda käiv suur pürgiauto, peale mida on sõiduautoga päris ohtlik seda tänavat läbida. Ehk vald leiaks võimaluse saata sinna koorem kruusa või midagi sellist ja sellega oleks teeolud jälle normaalsed.  Ette tänades Mengel Teenused OÜ juhatuse esimees.",,,
59.1883833040808,25.166072845459,2016-03-30 13:08:39,"Kose vald",vaadatud,"Teavitus Kose vallavalitsusele . Kosel Jõe tänaval kirikujuures ja sealt edasi on talvega tekkinud sõiduteese löökaugud , kas oleks võimalik kevadise remondikäigus need likvideerida.  Ettetänades vallakodanik",auk,,
58.9953111879509,25.13671875,2016-03-30 11:47:23,"Kaiu vald",ei ole vaadatud,"Teavitan Kose vallavalitsust Kose Jõe tänava kiriku juures olevatest löökaukudest , kui oleks võimalik võtta need löökaugud kevadisse remondiplaani . Ettetänades",auk,,
59.3672181812366,24.6415682500023,2016-03-29 23:51:43,"Tallinna linn",vaadatud,"Tänavavalgustus ei pôle raba tänaval ja ka raba lasteaias",lamp,,
58.322269404171,26.7157673835754,2016-03-29 22:46:27,"Maanteeamet",vaadatud,"Pühapäeval, 27. märtsil rattaga sõitmas käies avastasin, et kaardile märgitud piirkonna uued kergliiklusteed on väga halvas olukorras. Seda seetõttu, et kergliiklusteede ääres olevatest kõrgetest muldvallidest voolab teele lumesulamisvett, mis omakorda oli teele kuhjunud suures koguses liiva. Rattaga ei ole väga turvaline liiva sees sõita, kuna ratas lihtsalt ei seisa püsti, eriti veel hoo kasvades, kuna kergliiklustee on seal negatiivse kaldega. Seal sõidab ka palju lapsi rattaga ja turvaline see tee neile hetkel seal kindlasti ei ole.  Ma arvan, et väga vajalik oleks need kõrged muldvallid kuidagi kindlustada (praegune muruvaip väga ei tööta), sest hetkel on kergliiklustee põhimõtteliselt kraavi põhja ehitatud - vesi valgub sinna igast küljest. Probleem kestab kindlasti edasi ka peale lume sulamist vihmaste ilmadega, seega pelgalt praeguse liiva koristamisest ei ole kauaks abi. Probleemsed kohad on nii tunnelist läbi minev Aia tänav kui ka Ept bussipeatusesse minev kergliiklustee lõik.  Kui Ülenurme vald ei ole see, kes antud kergliiklustee hooldamisega tegeleb, palun suunake mind uuele aadressile edasi.",,http://www.anna-teada.ee/photos/ef3acf88-c3c9-4a29-bb42-4dbb977dfeaa.jpg,
59.5046909460115,26.5019416809082,2016-03-29 19:44:28,"Kunda linn",ei ole vaadatud,"Hakkab kevad saabuma lapsed hakkavad mänguväljakutel taas mängima. Kas lõpuks ometi tegeletakse probleemiga mis on koidu 81 kortermaja ees mänguväljas. Kus on turnimis sein, see täiesti kõigub ja jumal teab millal see ükskord ümber kukub kui mõni laps seal otsas ronib!!",,,
58.4679446513292,24.3127280473709,2016-03-29 19:23:14,"Audru vald",ei ole vaadatud,"ENE KASEMAA,ollen korra teile kirjutanud,probleemist.meid vaevavad ikka need viktori  suured koerad,29.03.2016.tulin mina töölt ja laps koolist, aga koju ei saa koerad nii kurjad ja nad on ikka lahti,kas pean pöörduma politseisse,kuna te pole seda asja lahendama. Tööl pean käima  lapsed koolis....mida teha??????? ENE KASEMAA.OARA KÜLA.KASEKE MAJA.",koer,,
59.4804357956499,24.9904337525368,2016-03-29 18:02:22,"Jõelähtme vald",ei ole vaadatud,"Проблема с дорогой на Põhja-Paala (Põhja-Paala ühistu, Uusküla, Jõelähtme vald),которая ведет от дома номер 44 до 51.Дорога превратилась в грязь !!! На машине с большим трудом можно проехать,но можно считать, что дороги так таковой больше нет ! Как будет решена проблема ? К кому обращаться ?",,http://www.anna-teada.ee/photos/4dfce2bc-e1d6-472e-adba-c039ceffb930.jpg,
59.4804758417409,24.9905490875244,2016-03-29 17:44:21,"Jõelähtme vald",ei ole vaadatud,"Проблема с дорогой на Põhja-Paala (Põhja-Paala ühistu, Uusküla, Jõelähtme vald),которая ведет от дома номер 44 до 51.Дорога превратилась в грязь !!!  На машине с большим трудом можно проехать,но можно считать, что дороги так таковой больше нет ! Как будет решена проблема ? К кому обращаться ?",,,
59.4494381417292,24.4474768638611,2016-03-29 09:59:42,"Harku vald",vaadatud,"Karu tänaval ehituspraht tee ääres! Ehitustegevus on ammu lõpetatud/peatatud...",prügi,http://www.anna-teada.ee/photos/d01bf49e-f57b-11e5-a564-a2533b7948e7.jpg,
57.7759821278269,26.048583984375,2016-03-29 08:04:47,"Valga linn",vaadatud,"Valga linnas Kuperjanovi tn. ehitatud uued kõnniteed lagunevad.",,http://www.anna-teada.ee/photos/c21bb024-f56b-11e5-a942-a2533b7948e7.jpg,
58.3573555481232,26.7311156541358,2016-03-28 19:01:39,"Tartu linn",vaadatud,"Tolmused kõnniteed ja tänavaääred",,http://www.anna-teada.ee/photos/33039444-F670-4A2E-8589-3D4FB885A201.jpg,
59.461838783882,24.419267312999,2016-03-28 17:22:05,"Harku vald",vaadatud,"Mahajäetud inetu krunt, risustab vaatepilti! Eelmine teade kustutati ",,,"Palume teatajal jätta oma kontaktandmed."
59.4698959818663,24.4045458516275,2016-03-28 17:20:53,"Harku vald",vaadatud,"Vähemalt 10a mahajäetud maja ja krunt, kole ja ohtlik!!! Eelmine teade kustutati! ",,,"Palume teatajal jätta oma kontaktandmed."
59.4618233883883,24.4637069106102,2016-03-28 15:28:49,"Harku vald",vaadatud,"Tänavavalgustuse lambid (2 tk) vilguvad Mäe tn (Muraste) ringtee keskel asuva posti peal.",lamp,,
58.5826395022081,25.5294799804688,2016-03-28 14:11:02,"Suure-Jaani vald",vaadatud,"Tere, sooviksin teada anda ohtlikutest puudest. Navesti külas on kortermaja nr 7 ümber palju ohtlikuid puid, ohtlikud nii inimesele kui varale. Sooviksin ,et vald võtaks nende puudega midagi ette. Nimelt kukuvad siin pidevalt suuremaid oksi maha.  Lugupidamisega Elleliis Valge",,http://www.anna-teada.ee/photos/56b192e6-94c5-4461-8a43-fe9ac33e6bfc.jpg,
59.4354144109699,24.5565354824066,2016-03-28 08:57:08,"Harku vald",vaadatud,"Tere, Kirjutasin detsembri lõpus meie külakommuuni Tiskre-Hansu (Facebookis) kirja, pilt sellest lisatud manuses.Seal on probleemi kirjeldus. Asi on hetkel päädinud sellega, et tegin politseisse avalduse veebruari lõpus. Eile 27.03.16 helistasin taaskord politseisse, sest ei saa magada, kui koer haugub kella 4st 6ni vahetpidamata. Kusjuures mul on aken kinni, aga ikkagi tundub nagu haukumine toimuks mu akna all.",koer,,
59.4300933086561,24.5593759417534,2016-03-28 07:05:07,"Maanteeamet",vaadatud,"Pankranniku osa on pimeda kurvi juures (kergliiklusteel) varisenud talve jooksul ja kiviklibu on kitsendanud kergliiklustee laiust.",,http://www.anna-teada.ee/photos/41dfaebe-f49a-11e5-9dab-a2533b7948e7.jpg,
59.4536029588879,24.8752513155341,2016-03-28 01:42:44,"Tallinna linn",ei ole vaadatud,"Tallinnas Lasnamäel, Läänemere Selveri kõrval asuval mänguväljakul, on juba mitu nädalat katkine prügikast, mille sisu (sh klaasikillud) mööda mänguväljakut laiali.",,http://www.anna-teada.ee/photos/a487783e-1f63-474d-91cf-a7307e47869c.jpg,
59.4699412337037,24.411366702886,2016-03-28 00:14:59,"Harku vald",vaadatud,"Tee on jala täiesti läbimatu, autoga peaaegu võimatu! PALUN sellega midagi ette võtta!",,,"Tere    Aprilli kuu jooksul teostatakse Matso teel tee äärsete puhastus ning tee truubi välja vahetus. Pärast nende tööde teostamist veetakse Matso teele peale kulumiskiht.    Lugupidamisega  Henry Prits  teede spetsialist "
59.4326427953278,24.7440165281296,2016-03-27 21:52:22,"Tallinna linn",ei ole vaadatud,"Linnapeal mõistus puudu! ",,http://www.anna-teada.ee/photos/0a3f85a8-f44d-11e5-b5f9-a2533b7948e7.jpg,
58.3015246131069,24.5868428517362,2016-03-27 19:52:50,"Tahkuranna vald",vaadatud,"Väga ohtlik kergliiklustee!",,http://www.anna-teada.ee/photos/BE81A8DF-84D7-41B9-B46B-E78D1EB9B060.jpg,
58.3368439100324,24.5872395727523,2016-03-27 19:24:45,"Tahkuranna vald",vaadatud,"Ohtlik kaev!",,http://www.anna-teada.ee/photos/0CB5FF77-7E5C-442A-B1C8-595FBDDBC08D.jpg,
58.9455836916965,23.5467857122421,2016-03-27 18:33:22,"Haapsalu linn",vaadatud,"Aia ja Kopli tänava ristis on üha sügavamaks muutuv auk ja kaevuluuk",auk,http://www.anna-teada.ee/photos/7cb47564-3062-4a17-af4f-90a6c4a4f645.jpg,"Teadmiseks võetud."
59.4487749,24.8823644,2016-03-27 16:04:30,"Tallinna linn",ei ole vaadatud,"Зимой кто-то снёс бордюрный камень.  Около линнамяэ тее 30",,http://www.anna-teada.ee/photos/3404fac6-5633-4d0d-af0b-cef7195de758.jpg,
59.419200923054,24.7658202052116,2016-03-27 12:41:05,"Tallinna linn",vaadatud,"Kanalisatsioonikaevul luuk puudu.",kaev,,
58.3251133333333,24.5855216666667,2016-03-27 12:19:14,"Tahkuranna vald",vaadatud,"Rae rannas metsa all prügi. ",prügi,http://www.anna-teada.ee/photos/3CC13B5D-1097-4C50-AAE7-CAD73F843F23.jpg,
58.325395,24.5852666666667,2016-03-27 12:16:38,"Tahkuranna vald",vaadatud,"Rae randa, golfiväljaku vahetusse lähedusse on metsa alla visatud prügi - wcpott ja olmejäätmeid",prügi,http://www.anna-teada.ee/photos/F75BF434-CB56-419F-9246-9C11C280F0C4.jpg,
59.4112453881312,24.8001304497619,2016-03-26 16:21:23,"Tallinna linn",vaadatud,"Väga auklik tee",auk,,
58.277274644214,26.5408658981323,2016-03-26 12:21:50,"Nõo vald",ei ole vaadatud,"Tere! Nõo vallas on Kooli tänava tee kohutavas olukorras. Kui ilm on vähegi vihmane on teel kõndimine vägagi raskendatud ning ka kuivemate ilmade korral on augud niivõrd suured, et see rikub juba autot. Kas oleks selle ebamugava olukorraga võimalik midagi ette võtta? (NB! Teehöövli kasutamine ei paranda olukorda, vaid muudab selle kohati ainult hullemaks ning augud on kiired tagasi tekkima)",auk,http://www.anna-teada.ee/photos/3319644f-ca37-4921-ac6e-72e0fb59c55b.jpg,
59.323013740345,24.7747921943665,2016-03-26 10:36:38,"Kiili vald",ei ole vaadatud,"Kõivu tänav on osaliselt väga halvas seisukorras- kohati  sügavad augud teel...",auk,,
59.5052571733188,25.5241799354553,2016-03-26 00:32:56,"Kuusalu vald",vaadatud,"Muukis -Uuri tee on nii halvas seisukorras, et Muuksi küla vahelt edasi sõites jääb küll niisugune tunne, et madalama autoga ei saa kusagile minna ilma et autol midagi ära ei lõhuks .Kas kunagi lõpuks saab see küla vahe tee ka korda ja kiirust piiravad märgid püsti mida on juba vallapoolt ammu lubatud aga ilma tulemuseta ?",,,
59.481104841876,24.9441581350766,2016-03-25 20:22:40,"Maardu linn",vaadatud,"Tervist, Aadressil Maardu tee 2 ( ristimikul, bussipeatuse taga) asuvas suvilas tundub olevat koer, kelle eest hoolt ei kanta. Nimelt on näha, et suvila on mahajäetud, paljud aknad on kinnitaotud ning inimesi seal näha pole pikalt olnud. Küll aga lesib pikemat aega seal koer, kes tundub jõuetu ning hoolitsemata. Viimastel päevadel ei reageeri koer peaegu üldse, vaid lesib ühes kohas. Oleme loomale läbi aia viinud toitu (nagu pildil näha), sest krundil pole näha ei söögi- ega veekaussi.   Paluksime teil väga võtta kiiresti ühendust selle maja omanikuga, et uurida välja, kes ja kui tihti koera eest hoolitseb (söök, jook), sest inimesi antud krundil ei ole nähtud liikumas ning koera seisund tundub halvenevat. Palun andke võimalusel tagasisidet, et ei peaks muretsema koera heaolu pärast.  Teiepoolne kiire reageerimine oleks hinnatud.",koer,,
58.3318686938441,26.7242646217346,2016-03-25 16:46:11,"Ülenurme vald",vaadatud,"24.märts 2016 kukkus minu 4 kuune kuldne retriiver Soinaste lasteaed'Laululind' aia taga kaevu.Koera päästsid Tõrvandi vabatahtlikud.Kelle valdusesse kuulub see kaev?",kaev,,"täname teavitamast,oht kõrvaldatud"
58.3694408189806,25.6137013435364,2016-03-25 10:18:55,"Viljandi linn",vaadatud,"Mihkel Veske pst 5a maja ees on suur ja vana kasepuu, millel on pikk pragu sees. Murdumise korral peaks puu kukkuma maja peale ning kaasa tõmabama ka elektriliini. Rääkimata sellest, et nii majas sees kui ka maja ees mängivad pidevalt kolm väikest last! Vastavasisuline selgitustaotlus saadeti 11.01.2016 linna haljastuse- ja heakorraspetsialistile, tagasiside on seni saamata.  Ootan konkreetset tagasisidet, mis võetakse ette ja kunas tegutsemist on oodata.",puu,http://www.anna-teada.ee/photos/b849b04a-0344-4c99-a873-6bd4edf32ae6.jpg,
58.3556303628097,25.6201171875,2016-03-25 10:15:07,"Viljandi vald",vaadatud,"Mihkel Veske pst 5a maja ees on suur ja vana kasepuu, millel on pikk pragu sees. Murdumise korral peaks puu kukkuma maja peale ning kaasa tõmabama ka elektriliini. Rääkimata sellest, et nii majas sees kui ka maja ees mängivad pidevalt kolm väikest last! Vastavasisuline selgitustaotlus saadeti 11.01.2016 linna haljastuse- ja heakorraspetsialistile, tagasiside on seni saamata.  Soovin konkreetset tagasisidet mida ette võetakse ning kunas tegutsemist on oodata.  Lugupidamisega Arno Nöps",puu,http://www.anna-teada.ee/photos/6216f016-05de-42d1-9906-b9fa44f6e34d.jpg,
59.4209918891809,24.6494364738464,2016-03-24 19:10:13,"Tallinna linn",ei ole vaadatud,"Valgusfoor mitu tsüklit punane, tihtipeale pööratakse autoga siit tagasi ringi ja segab liiklust!",,http://www.anna-teada.ee/photos/45afea90-f1e3-11e5-85a6-a2533b7948e7.jpg,
59.416715246232,24.5857608318329,2016-03-24 13:52:34,"Harku vald",vaadatud,"Probleem:  näidatud kohal Sütemetsa teel on nn. 'lamav politseinik' söidukite kiiruse vaos hoidmiseks. Iseenesest on see muidugi omal kohal aga... see on minu arvates omal ajal ehitatud valesti. Selle peale- ja mahasöidud on vördsed ehk autode mahasöidul kiiruspiirajalt, tekitavad nad korraliku matsu. Tänu sellele maa väriseb ja maja kipskonstruktsioonid on pragulised. Lihtne lahendus sellele probleemile oleks väike ümberehitus, mis ei tohiks ka väga kulukas olla. Künnisele pealesöit vöiks olla järsk(kasvöi nagu praegu), aga mahasöit tuleks ehitada laugeks- probleem oleks lahendatud ja kohalikud elanikud tänulikud. Sütemetsa tee ja Niidu tee elanikud",,,"Tere    Tegeleme probleemi lahenduse leidmisega, võib-olla tekib võimalus sellel aastal künnise peale ja mahasõidud laugemaks ehitada. Täpsema info saan anda suvel, kui vastava tegevuse jaoks eelarvelisi vahendeid leiab ja töövõtja leitud.    Lugupidamisega  Henry Prits  teede spetsialist"
59.443613353885,24.4948983192444,2016-03-24 13:49:45,"Harku vald",vaadatud,"Allika tee on nii auklik ,et auto lõhub ära.Teekate tolmab nii,et maja aknaid pole mõtet pestagi, elame 2016 aastal! Tegemist valla hallatava teega! Palume kogu tänavaga Allika tee korda teha ja katta tolmuvaba kattega.",auk,,"Tere    Harku valla arengukava tegevuskava alusel on kavandatud Allika tee tolmuvaba kattega katmine (pindamine) aastasse 2019.    Lugupidamisega  Henry Prits  teede spetsialist"
57.8472604722433,26.996836066246,2016-03-24 13:47:55,"Võru linn",vaadatud,"Libe koht!",libe,,
59.1808316633533,24.3636631965637,2016-03-23 13:46:20,"Kernu vald",ei ole vaadatud,"Autoteel on rohkem auke kui normaalselt sõidetavat pinda. Olukord halvenes 1.5 kuud tagasi ja edasi on tee järjest hullemaks läinud. Nüüd lume sulamisega on päris kohutav. Loodetavasti piisab sahaga üle käimisest.",,http://www.anna-teada.ee/photos/dc2a9d46-f0ec-11e5-8662-a2533b7948e7.jpg,
59.4708887860733,24.4083298556734,2016-03-23 07:53:50,"Harku vald",vaadatud,"Palun tee läbitavaks lükata!",,,"Pärtli tee ei ole suvises hoolduses. Pärtli tee hooldusega alustatakse uue hoolduslepingu sõlmimisel, ehk mitte varem kui juulis 2016. Selles aastal teostatakse teekatte pindamistöid Pärtli teel, eeldatav tööde teostamise lõpptähtaeg on juuli lõpp. Täpsema info saan Teile edastada siis, kui on eduka pakkujaga sõlmitud töövõtuleping ning kinnitatud tööde teostamise ajagraafik.    Lugupidamisega  Henry Prits  Teede spetsialist"
59.3084023292742,25.1654720306396,2016-03-23 07:36:58,"Raasiku vald",ei ole vaadatud,"Kurepesa jaoks Veski talu juurde püstitatud posti metallist pesaaluse konstruktsioon on läbi roostetanud ja seetõttu kurepesa viltu ja allakukkumisohtlik. Enne lindude saabumist võiks konstruktsiooni asendada või eemaldada.",,,
59.4402498233166,24.7307944596021,2016-03-22 21:52:21,"Tallinna linn",vaadatud,"Autod pargivad iga päev osaliselt või täielikult kõnniteel. Lisaks sõidavad osad autojuhid sinna mööda kõnniteed ja haljasala.",,http://www.anna-teada.ee/photos/78ED9CEC-6D11-4734-89FC-2800D37000AC.jpg,"Edastame info patrullidele pisteliste kontrollide teostamiseks."
59.3205791693213,24.5819091796875,2016-03-22 19:26:32,"Saue linn",vaadatud,"Ladva tänava liikluskorraldus - piirkiiruse märgist 30 ei peeta kinni, ei ole ÜHTEGI ülekäigurada ega 'lamavat politseinikut'. Sooviks vastust, kas on selle küsimusega varem tegeletud.",,,
59.0704956274523,25.0947990291752,2016-03-22 17:45:11,"Maanteeamet",vaadatud,"Palun tegeleda Kuimetsa-Tamsi-Vaopere tee korrastusega. Täna, 22.03.2016 läbis tee ilus kollane teedevalitsuse auto, aga maantee läbitavus ei paranenud. Kas oleks võimalik teehöövli kasutamine? Igapäevane töölkäimine on muutunud auto lõhkumiseks. Kas remondiks saab rahalist toetust? Ette tänades ja vastust oodates Marit Visk",,,
59.358324553327,24.8788727089413,2016-03-22 15:15:24,"Rae vald",vaadatud,"Kirsi tänaval, Pildikülas, Rae vallas (Harjumaa) ei tööta juba üle nädala tänavavalgustus.",lamp,,
59.316373943751,24.5283811928675,2016-03-21 21:59:04,"Saue linn",vaadatud,"Tere. Kirjutasin juba detsembris, et Meistri tänaval tänavavalgustuse lambid vilguvad. Nüüd juba mitmendat päeva ei põle enam Meistri tn 17 olev tänavavalgustuse lamp üldse.  Meistri 15 hoovil olev lamp vilgub pidevalt. Sellega seoses on Meistri tänava lõpp pime.",lamp,,
59.3770365822911,24.5489501953125,2016-03-21 15:36:39,"Saue vald",vaadatud,"Tere. Kes teostab sõiduteede  asfalteerimistöid Saue linnas? Palun kontaktandmeid. Soovime   firmaga ühendust saada , et arutada võimalust teha ära ka oma kinnistul vajaminevad tööd. Lugupidamisega, E. Müürsepp",,,
58.4779744203095,24.8041194677353,2016-03-21 13:43:25,"Tori vald",vaadatud,"Väikese mäe otsas on ilma kaaneta tuletõrje veevõtu koht. Leian, et sellisel augul peaks kindlasti kaan peal olema, et lapsed ega loomad sisse ei kukuks. Sees olev rest seda küll ohutumaks väga ei muuda.",,http://www.anna-teada.ee/photos/bc4e16e8-482d-4536-b61f-14521cf878c9.jpg,"oht likvideeritud"
59.0033513235319,24.7819603979588,2016-03-21 11:40:04,"Rapla vald",ei ole vaadatud,"Tere. Terve talv on olnud probleemid tänavavalgustus lampidega Vastla tänaval, Sulupere külas, Raplamaal. Tundub et valgustus on iseenesest sisse lülitatud kuna üksikud lambid aegajalt lähevad põlema kuid umbes  viie minuti möödudes kustuvad taas. 90-95% ajast on lambid pimedad. Olen kursis et erinevad naabrid on sama probleemiga Rapla Vallavalitsuse poole pöördunud kuid mingisugust reaalset tulemust  see toonud ei ole. Kas oleks võimalik antud probleemiga tegeleda ning anda tagasisidet (kas ja millal) võiks see olukord lahenduse saada?  Lugupidamisega, Andres Põder 5241792 Vastla 5, Sulupere küla, Raplamaa",lamp,,
59.3286413808981,24.4748062521392,2016-03-20 17:51:20,"Harku vald",ei ole vaadatud,"Sõiduautodele sisuliselt läbimatu, aga hädavajalik tee. ",,,
59.4237,24.6485,2016-03-20 14:57:08,"Tallinna linn",vaadatud,"Kord on majas puudu. Heakord.  Haabersti peatus, suunaga linna poole. ",,http://www.anna-teada.ee/photos/fb30edf5-ad80-431e-8b27-b221306fbda7.jpg,"võetud teadmiseks"
59.3897465876298,28.1111812591553,2016-03-20 00:07:17,"Maanteeamet",vaadatud,"Kergliiklustee valgustus ei tööta juba mõnda aega: Sininõmme teest lennuväljani.",lamp,http://www.anna-teada.ee/photos/f16d5520-ee1e-11e5-a01f-a2533b7948e7.jpg,
59.4017282674556,24.9372482299805,2016-03-19 22:05:21,"Rae vald",vaadatud,"Tere! Palun anda oma kommentaare tööde kohta mis toimuvad Lagedil aadresil Jõetiiru tee 54 kohta. Meie, elanikud aadresil Jõetiiru tee 52 ei saa aru mis alusel on teostatud kaevetöid meie territor.peal kuna on  rikutud haljastus ja pinnakatte ning naabrite kanalisats.toru on viidud läbi meie grunti. Meid ei ole keegi hoitanud ega küsinud luba nende tööde kohta. Jõetiiruu tee 54 omanikus seletasid et Teie olete oma nõusoleku nende tööde kohta andud ja tegite tehnilist projekti. Tahaks väga teada mis toimub ja kas on olemas nende tööde kohta projekt olemas ?",,http://www.anna-teada.ee/photos/df17e54a-b04d-4961-8ead-9d2a2b126989.jpg,
59.402625,24.594244,2016-03-19 18:18:47,"Harku vald",vaadatud,"Rehvid Harku lubjakivikarjääris",,http://www.anna-teada.ee/photos/e0a6f0ed-693d-426a-bab8-517003e8d505.jpg,
59.3236784264445,24.5785922929645,2016-03-19 17:34:11,"Saue linn",vaadatud,"Mööbel, rehvid, külmkapp jm. Prühi",,http://www.anna-teada.ee/photos/910b3cc7-c34e-43c0-9028-0a027e3f4101.jpg,
59.3231627717614,24.5778570324183,2016-03-19 17:31:35,"Saue linn",vaadatud,"Umbes 3x3 meetrit olmeprügi kilekottides",,http://www.anna-teada.ee/photos/96b07c24-2db8-45d5-b08e-578b2d0b81f4.jpg,
58.9063684,24.429492,2016-03-19 17:04:45,"Maanteeamet",vaadatud,"Tere. Kes on sellise asja eest vastutav? Talve lumega on lihtsalt minu aed maha lükatud, kes selle nüüd korda teeb?",,http://www.anna-teada.ee/photos/afd33cfa-011e-4d36-bca9-026b5315723b.jpg,
58.6844083,24.9835507,2016-03-19 14:12:08,"Vändra vald",vaadatud,"Tuletórje kaevul luuk puudu",kaev,,
59.5304457,24.8760108,2016-03-19 13:51:44,"Maanteeamet",vaadatud,"Tammneeme bussipeatuses pole bussiaegu ning silt on maha tõmmatud ja tee äärde, puude alla visatud.",,,
59.2440621757029,24.6687054634094,2016-03-19 11:17:24,"Saku vald",vaadatud,"Tere!  Teavitasin juba eelmisel nädalal probleemist, et Revali teele oleks vaja traktorit. Teel on jäised sügavad ja ohtlikud rööpad. Nüüd on juurde tekkinud rööbaste põhja veeloigud. Sõiduautodega koju sõit on VÄGA raskendatud. Autod jäävad põhjapidi kinni. Üksteisest möödasõit on võimatu, sest rööpast välja keerata ei saa. Kuna sula pole lähiajal ette näha, palume esimesel võimalusel tee lahtilükkamist, et inimesed saaks turvaliselt liigelda.  Lugupidamisega",,,
58.4329553796109,25.4245841503143,2016-03-19 10:08:33,"Suure-Jaani vald",vaadatud,"Tere, olen Urve Leemet ja minu omanduses on suvekoduna kasutatav kinnistu: Söemäe talu, Vastemõisa küla, Suure-Jaani vald. Vastavalt Suure-Jaani vallavalitsuse korraldusele 06. jaanuar 2015 nr 13 on eelpoolnimetatud talu vabastatud olmejäätmeteveoga liitumisest kuni 31. märtsini 2018. Täna oli minu postkastis Eesti Keskkonnateenused AS  Jäätmeveo osutamise leping nr 1532567 01.04.2016. Palun selgitage, kas olen midagi valesti aru saanud või olen mingisuguse toimingu tegemata jätnud?",,,"Vastatud e-kirjaga 21.03.2016"
59.4445280643626,24.6873934575187,2016-03-18 20:56:08,"Tallinna linn",vaadatud,"Pelguranna 53 taga seisab pool aastat hõbehall katkine Ford Mondeo. Alatasa üürgab sellel signalisatsioon, ka ööseti. Autol rehvid tühjad.",,,
58.5123118970677,22.8824052214622,2016-03-18 17:34:36,"Orissaare vald",ei ole vaadatud,"Tänavalaterna pirn ei põle,post nr3,asukoht-Tagavere küla,Vilbuse talusildi juures,korra juba parandatud!",lamp,http://www.anna-teada.ee/photos/428e389d-5a45-41fc-88cd-968b26130a29.jpg,
59.3283188315186,24.4690418243408,2016-03-18 17:24:43,"Maanteeamet",vaadatud,"Antud teelõigul on märgitud kiirusepiiranguks 70km/h. Kuna ligidal asuvad kortermajad ja eramajad ning koolibuss toob lapsi bussipeatusesse, siis arvan, et õige oleks antud kohas kiirusepiiranguks märkida 50km/h ja panna üles jalakäija märk. Lapsed ei ole liikluses väga tähelepanelikud ja kogemus on näidanud, et autojuhid ei vähenda antud teelõigul oluliselt kiirust, et arvestada bussilt tulevate inimestega, eelkõige lastega.",,,
58.8236959680574,23.5958862304688,2016-03-18 10:35:25,"Ridala vald",vaadatud,"Avalduse sisu: Tere, minu probleemiks ja ka paljude teiste inimeste probleem meie kandis on teed. Räägin konkreetselt kahest teest. Üks lõik on see, mis läheb Asuküla bussi lõpppeatusest (nn Asuküla ringtee) suunaga Kaevere teele ja sealt edasi koolini. Ringteeni on tee korras ja ka Kaevere teeotsast Käplani on korras. Aga vahepealset lõiku ei saa kuidagi teeks nimetada. Mul on selle lõigu kohta foto, mille ka manusesse panen. Kuna pean 4x nädalas koolivahet sõitma ja see tee on läbimatu, siis üritasin ringiga minna, ehk siis Asuküla 'kaupluse' juurest Vilkla poole, aga ka see tee on täiesti kohutav. Küll veidi paremas seisus, kui Kaevere lõik. Minu küsimus on, et millal need lõikud korda saavad? Täitsa piinlik on ausaltöeldes sellise sopase autoga viia last linna Muusikakooli ja maadlustrenni. aga auto pesemisel pole mitte mingisugust mõtet.",,,"Edastatud majandusnõunikule A.Ladva"
58.4477328038908,25.9716796875,2016-03-18 10:26:43,"Kolga-Jaani vald",ei ole vaadatud,"Tere, minu probleemiks ja ka paljude teiste inimeste probleem meie kandis on teed. Räägin konkreetselt kahest teest. Üks lõik on see, mis läheb Asuküla bussi lõpppeatusest (nn Asuküla ringtee) suunaga Kaevere teele ja sealt edasi koolini. Ringteeni on tee korras ja ka Kaevere teeotsast Käplani on korras. Aga vahepealset lõiku ei saa kuidagi teeks nimetada. Mul on selle lõigu kohta foto ja video, mille ka manusesse panen. Videot saab vaadata korrektselt ainult VLC Media Player`iga (kuna on filmitud nutiseadmega ja seega on Windows Media Player`iga tagurpidi).  Kuna pean 4x nädalas koolivahet sõitma ja see tee on läbimatu, siis üritasin ringiga minna, ehk siis Asuküla 'kaupluse' juurest Vilkla poole, aga ka see tee on täiesti kohutav. Küll veidi paremas seisus, kui Kaevere lõik. Minu küsimus on, et millal need lõikud korda saavad?  Täitsa piinlik on ausaltöeldes sellise sopase autoga viia last linna Muusikakooli ja maadlustrenni. aga auto pesemisel pole mitte mingisugust mõtet. Kahjuks ei saanud video lisamisega hakkama. Aga ehk pilt räägib enda eest.",,http://www.anna-teada.ee/photos/7d761b1f-22a5-4672-8f05-64d4d66676ba.jpg,
59.4400742278057,26.1245710496103,2016-03-18 02:56:15,"Maanteeamet",vaadatud,"Haljala viadukt ja Rakvere-Haljala tee täiesti kinni tuisanud, kohati ohtlik. Suunaga Tallinna poole (mööda Tallinn-Narvat sõites) teed kõik hooldamata.",,http://www.anna-teada.ee/photos/A4E19AF6-F152-4071-B71B-E99EABDDD280.jpg,
59.4273039919853,24.7217106912675,2016-03-17 13:42:43,"Tallinna linn",vaadatud,"Uimastatud koerapojaga kerjus Kristiine keskuse ees",,,
59.4510105997878,24.7151935100786,2016-03-17 12:24:21,"Tallinna linn",vaadatud,"Hulkuv koer. Sõbralik ja rahulik.",koer,http://www.anna-teada.ee/photos/6FEB17DD-93FC-4CCB-8D90-FF51C88FE757.jpg,"Suur tänu teavitamast.    Järgmine koer nähes hulkuvat looma, palume viivitamatult helistada 631 47 47. "
59.3954816476873,24.8135608434677,2016-03-17 11:43:45,"Rae vald",ei ole vaadatud,"Tee on kohutavas seisus. Suured augud keset teed. Teepeenar auguline.",auk,http://www.anna-teada.ee/photos/bd8763dc-ec24-11e5-b1ed-a2533b7948e7.jpg,
58.3498,26.6981,2016-03-17 11:14:26,"Tartu linn",ei ole vaadatud,"Jäätmeid on võimatu viia konteinerisse ilma, et peaks läbima porist takistusraja.",prügi,http://www.anna-teada.ee/photos/e1736c37-da7b-451a-9c5b-07736319601d.jpg,
58.6232629305569,24.3899059295654,2016-03-16 08:31:04,"Halinga vald",vaadatud,"Halinga vallavalitsus ei täida Kohaliku omavalitsuse korralduse seaduse § 6. Omavalitsusüksuse ülesanded ja pädevus  (1) Omavalitsusüksuse ülesandeks on ... valla teede ja linnatänavate korrashoidu, juhul kui need ülesanded ei ole seadusega antud kellegi teise täita. Halinga vallavalitsus ei ole korraldanud Vahenurme külas Mini-Priit 1-st biofiltrini viiva tee hooldust kevadest sügiseni juba 25 aasta vältel. Teed kasutavad igapäevaselt vallaettevõtte AS Mako transpordivahendid. Teed on hooldanud Aare Ailt täites teesse tekkinud auke oma muretsetud täitematerjalidega ja käte jõul.  Kas vallavalitsuse ainus kohustus on talvine lumelükkamine?",,,
59.4539751090712,24.4454383850098,2016-03-15 21:35:45,"Maanteeamet",vaadatud,"Juba kuu aega tagasi sai teavitatud, et Muraste bussipeatus näeb kohutav välja. Kahjuks pole siiani sellega midagi ette võetud. Bussipeatuse ümbrus on prügi täis, puudub prügikast. Pink on katki ja paviljoni seinad on täis soditud ja on muidu ka räämas.",prügi,http://www.anna-teada.ee/photos/1c5f4442-eae5-11e5-a444-a2533b7948e7.jpg,
59.3155388662525,24.6323150395256,2016-03-15 19:31:18,"Saku vald",vaadatud,"Tulime autoga Saku keskusest mõõda Karjavärava teed ringtee silla alt Murimäe tee poole ja nägime prügihunniku mis oli pandud tee äärde. Prügihunniku kõrval seisis roheline Audi A6, reg nr. 280MJZ, mis tahtis tagurdada. Auto sees olid üks noor naine ja noor mees. Küsisin kas nad panid prügi tee äärde, sain ainult lühisõnaliselt ei naiselt ja venekeelse jutu mehelt. Päris kindlasti panid nad prügi tee äärde. Ma ei julgenud nende juurde jääda ja ei näinud otseselt kas nad panid prügi tee äärde, aga suure tõenäosusega nad seda siiski tegid kuna parkisid prügi juures.",prügi,http://www.anna-teada.ee/photos/7d3425d7-b272-4d91-ba10-c3676c19c776.jpg,"Menetlusse võetud"
58.33995198872,26.6950402781367,2016-03-15 19:22:39,"Ülenurme vald",ei ole vaadatud,"Tooma 1/2 , Soinaste küla, Ülenurme vald, Tartumaa   - roosa paarismaja ees tänavavalgustus vilgub, vireleb, põleb/ kustub.  Palub kontrollida.",lamp,http://www.anna-teada.ee/photos/6eb54faa-4347-47d5-908d-54f02b56a1da.jpg,
59.3999722693115,24.681014707312,2016-03-15 18:13:33,"Tallinna linn",vaadatud,"Hoolimata saadetud teadetest olukord halveneb ja on omandanud parkimiskomöödia kõik tunnused!?",,http://www.anna-teada.ee/photos/f94615fa-14cf-4479-b4e4-2422656a1097.jpg,"info võetud teadmiseks ja edastatud pisteliste kontrollide teostamiseks patrullidele."
59.4757789550425,24.9801635742188,2016-03-15 15:59:59,"Maardu linn",ei ole vaadatud,"Здравствуйте! У меня вопрос;  Как собирается город реагировать и предпринять борьбу с чайками, уже дела к ыестне и они начинают вить свои гнёзда на крышах дома, уже по утрам происходят птичьи базары, тошнотворные пение, это влияет на раннее просыпание, а как появятся гнёзда и выводки это положение усиливается! И второе, они сильно гадят и машины постоянно и порой страшно испачканы дерьмом! Поэтому вопрос, как город планирует борьбу с чайками?  С уважением Андрей",,,
58.8989711953236,24.9884033203125,2016-03-15 15:54:14,"Kehtna vald",vaadatud,"Здравствуйте!",,,
58.9004917388973,23.4646189212799,2016-03-15 15:30:23,"Maanteeamet",vaadatud,"Tee on raskeveoki (metsaveo/tegemise masin) poolt lõhutud. Juhtunud on see kas 14. märtsi päeval või õhtul. Juhtumil oli ka pealtnägija.",,http://www.anna-teada.ee/photos/3315ce38-ce9f-4d35-b0f0-30a8c33f72b8.jpg,
59.4897260355371,25.6640625,2016-03-15 14:38:11,"Kuusalu vald",vaadatud,"Juminda Leesi tee on allapoole igasugust arvestust Hr.Praks kaua võib katteta lubadusi uskuda Mis või kes nüüd segab teed remontida Valla lahkel loal on ülekaalulised metsaveoautod kolm kuud meie niigi viletsat teed lõhkunud Mis on konkreetselt Teie nägemus teeremondist Pole mõtet ju katteta lubadusi jagada Kas tõesti peab kuskile pöörduma kes aitavad rahad teeremondiks üles leida ja remonti kiirendada Jõudu teeremontimisel",,,
59.4107995,24.6099174,2016-03-15 12:56:19,"Maanteeamet",vaadatud,"oht kergliiklusteek",,http://www.anna-teada.ee/photos/efc26755-3bcf-4416-96d5-a784c0aadb73.jpg,
59.4438533462309,25.0146675109863,2016-03-15 11:50:51,"Maanteeamet",vaadatud,"Puudub kergliiklustee, inimesed kõnnivad sõiduteel ja seavad oma elusid ohtu.",,http://www.anna-teada.ee/photos/66c259ea-ea93-11e5-b43f-a2533b7948e7.jpg,
59.4056955238085,24.9144400656223,2016-03-15 08:12:35,"Maanteeamet",vaadatud,"Prügistamine",,,
